Хочу выразить Благодарность компании, но больше всего мы работали с Натальей. Она ответственно относиться к своей работе, очень внимательная и вежливая к заказчикам. Мы не сразу определились какие нам нужны двери и Наталья нам всё посоветовала и порекомендовала по цене и качеству. Мы остались очень довольны!Сейчас у нас самые красивы двери! Всём рекомендуем и будем ещё обращаться.
Запрос: нестандартные двери высотой 2.8. Да, ждали их с завода, но после установки в восторге, никогда такие высокие двери не покупал, но я нахожусь до сих пор под впечатлением. Точно будем друзьям рекомендовать)
Недавно купили в Белвуд двери. Менеджер на Абая помогла с выбором, все быстро рассчитала. Понравилось, что очень большой выбор дверей в салоне, есть из чего выбрать. Еще и с установщиками помогли, подсказали. Пока дверями довольны!
Заказывал 3 двери с фрамугами) Очень понравился внешний вид и качество - лучший выбор цена -качество на рынке.
Покупали двери дочке в квартиру, здесь все было в наличии ждать ничего не надо. хорошие двери, все довольны
Выбрали эту фирму, когда делали ремонт в квартире, и не пожалели ни о чем. Быстрая доставка, бесплатный замер по городу, клиентоориентрированные сотрудники - все вело к покупке, поэтому не было никаких сомнений. Спасибо за качественный товар!
Хочется выразить огромную благодарность за двери! За качественную и быструю работу, начиная с помощи в подборе вариантов, заканчивая установкой! Все очень быстро удобно и приятно в итоге вышло! Прошло 2 месяца, мы очень довольны!
Покупал маме в квартиру здесь двери. Она довольна и качеством , и ценой. Пока стоят не долго, но пока никаких недочетов не было выявлено. Ставлю 5 звезд!
Дизайнер посоветовала эту компанию. Двери которые мы хотели оказались заказными, ну время было у нас. Приехали на замер бесплатный, и двери тоже привезли бесплатно, по изготовлению вопросов нет
Затеяли с мужем ремонт в квартире. Понадобилось три двери, при том, чтобы одни были с прозрачной застекленной частью. При этом нужно было подобрать подходящий под интерьер цвет, а еще провести замеры и установить их. Данную компанию нашли в интернете. Порадовал большой ассортимент, так что не возникло проблем с подбором подходящих вариантов. После общения с менеджером сразу стало ясно, что мы не зря выбрали эту компанию. Все установили очень быстро и за недорогую плату. В целом очень приятные впечатления от сервиса.
Нужны было срочно поменять двери, высота 2.3, здесь были в наличии, заказали Кремону, красивые двери!
Хочу поблагодарить менеджера в салоне по Абая, приехал туда вообще ничего не знал о дверях, но меня встретили и все разложили по полочкам. Помогли выбрать двери, вызвали замерщика на дом. Как итог: красивые двери и довольная семья. Спасибо !
Квартира стала светлейРешила обновить интерьер в квартире, добавить что-то не обычное. Искал остекленные межкомнатные двери,чтобы были качественные и не дорогие. Долго искал по магазинам, пока не наткнулся на этот. Большой выбор дверей на разный вкус и цвет,что самое главное для меня, хорошая цена. Консультант быстро подобрал дверь под мою стилистику. Дверь встала как родная.
Нашли этот магазин случайно, когда ездили выбирать материалы. Здесь был выбор из наличия поэтому и заказали. Качество и обслуживание хорошее
Взяли здесь двери по совету друзей, нам надо было 10 дверей в частный дом. Много времени выбирать не было, поэтому мы сразу приехали в салон, все посмотрели и выбрали двери. Конечно сначала сделали замер, потом все нам быстро посчитали и выставили счет. Очень оперативно решили нашу потребность, будем еще обращаться!
Доброго времени суток всем, кто читает данный отзыв, посвящённый входной двери с зеркалом Старт. Прежде чем приобрести дверь с зеркалом, я долго сомневался. Было боязно, не треснет ли зеркало при постоянном закрывании двери. А не дай бог кто-нибудь хлопнет. Но, преодолев все свои страхи, я решился и купил дверь Старт.  на зеркале ни царапинки, ни трещинки.
Нам посоветовали друзья обратиться в Белвуд за дверями. Приехали в салон, на месте сотрудник все рассказал, показал. Выбрали и рассчитали двери, в итоге получилось купить с очень хорошей скидкой.
Очень доволен надежностью и элегантным дизайном. Идеальное сочетание цена и качество
Хочу оставить отзыв о самой лучшей фирме в которую мне по воле судьбы пришлось обратиться, в итоге осталась довольна на 1000% и не разу не пожалела, шикарнейшее, вежливейшее отношение сотрудников начиная с салона, потом звонили девочки с контакт-центра , такие милые, вежливые, всё разьяснили, назначили, замер, монтаж, всё чётко, монтаж и замер были выполнены тоже на высшем уровне, до сих пор каждый день улыбаюсь открывая и закрывая дверь)
Спасибо Егору Кузнецову за помощь в решение возникшей проблемы .с уважением
Хотела бы выразить огромную благодарность сотрудникам компании Belwooddoors. Менеджер салона Татьяна помогла с выбором модели, цвета, покрытия дверей, организовала выезд замерщика и своевременное выполнение моего заказа. Я осталась очень довольна безупречным качеством дверей, неповторимым дизайном, внимательным отношением к клиентам. Буду рекомендовать компанию BELWOODDOORS всем моим друзьям и знакомым.
Всем добрый день. Первая покупка в этом магазине, и мне понравился сервис, поэтому решили оставить отзыв, были на Кабанбай батыра 13, в этом же доме я и живу)С менеджером долго консультировались, вес никаких из большого ассортимента не могли выбрать. В итоге, все же определились и сделали заказ. В согласованный день, заранее отзвонившись приехал курьер. Так же уделил мне много времени, и пока я не убедилась в том, что мне привезли нужный товар, не уехал. Довольны. Спасибо Вам.
Как и у многих высота дверей нужна была 2.2, тут в наличии как раз такой размер был, и довольно широкий выбор. Жена выбрала Ламиру. Качество понравилось, по сумме тоже хорошо, т.к. попали на скидки. Всем довольны
Хочу выразить благодарность менеджерам салона на Богенбай Батыр. Ходил по  точкам дверей и заметил Вашу. Менеджер хорошо все рассказал и показал. Быстро посчитал дверь которую я выбрал и учел все пожелания по фурнитуре. О самих дверях можно сказать что отличные по качеству и красивые - Палаццо 2. Понравилась скорость с которой сделали мой заказ. А также приятная скидка. Думаю будем еще не раз обращаться к Вам т.к. нужны двери сыну и дочке.
Покупал братишке двери, у него свадьба была, решил сделать такой подарок.  Т.к. ремонт делали в дизайне  классика, то понравились ему Палаццо модель. Быстро посчитали по цене, и повезло что были на складе. Идеально вписались в квартиру. А отличный дизайн в покрытии влагостойком эмаль стал просто подарком. В будущем в планах себе в квартиру покупать. Еще обращусь. И спасибо Менеджерам с салона по Богебай Батыра. 16
Хочу поделится  впечатлением от Ваших дверей.  Долго выбирали качественные двери  в эмали по приемлемой цене . Сестра посоветовала обратиться к Вам. И ни капли я не пожалела. Понравилась модель Лайнвуд. Приятные цвета в сочетании с натуральным шпоном очень подошли к нашему интерьеру. Да, срок был изготовления 2 месяца, но ради такой красоты и качества можно и подождать, Установку тоже сделали качественно. Спасибо менеджерам с Жандосова за хорошую работу
Нужны были срочно двери в квартиру.Сделали заказ на сайте, перезвонили и уточнили детали.Очень понравилось что сразу по телефону все рассказали. Замер бесплатный в Астане, поэтому решили что надо перестраховаться, размеры стандартные в наличии была наша дверь Роялти. Очень довольны!
Хочу посоветовать всем, кто еще не купил двери, обратиться в эту компанию! Двери у них просто супер, качество на высоте, очень большой выбор дизайна. Сами приобретали здесь Палаццо 1 модель, просто глаз не оторвать с них! Все довольны остались в конце, и смонтировали хорошо. Спасибо вам!
Мои новые межкомнатные двери от просто великолепны! Они сочетают в себе красивый дизайн и высокое качество. Двери отлично изолируют шум, что создает тихую и комфортную атмосферу в моем доме. Очень доволен этой покупкой!
Хочу сказать большое спасибо, за быструю организацию при оформлении. Выбирал для  дачи. Отлично подошли двери по суперценам -  подобрали модель Селби , понравилась тем что  теплая дверь и в эмали. Спасибо за быструю доставку, думаю еще буду обращаться
Братишка здесь двери брал, ну и я решил съездить посмотреть, что вообще предлагают. В салоне по Жандосова большой выбор, там в принципе мы с супругой и выбрали двери Палаццо. Качество просто огонь, а смотрятся как богато в доме. Все гости хвалят. Обратимся ещё обязательно позже, когда будем делать ремонт в новой квартире!
Самый крутой салон в городе! Заказывал 5 межкомнатных и входную дверь, все сделали во время, качество отличное, выбирал с итальянской магнитной фурнитурой. Серьезная организация, поверьте, есть с кем сравнивать в Астане. Спасибо за работу!
Сестренке на новоселье покупала двери.  Хотели что-то красивое, выбрали модель Палаццо 2, В наличии все было быстро оформились в салоне на Абая. Через день уже привезли. Также посоветовали хороших монтажников, сделали все грамотно и за хорошую цену. Также радует, что есть гарантия после покупки, а не как на базаре купили и потом не докажешь. Спасибо Белвуд еще раз!
Понравилась консультация менеджеров - все понятно и просто объяснили и помогли выбрать нужный мне товар.
Приятно удивлены качеством дверей. Это был отличный выбор для нашего дома. Прочные и стильные, идеально вписались в интерьер. Рекомендую всем. Брали двери в эмали, модель называется Ламира
Очень понравилось обслуживание. Двери красивые и качественные. Привезли и поставили в срок. Мы остались довольны!
Барт младший женился недавно решил сделать ему подарок - ремонт и обновить все в квартире, выбрали с ним Палаццо 3/1 , просто  в восторге от данной модели, звук не пропускают, тепло сохраняют, очень понравилась опция, что завод покрасил в тот цвет, который мы хотели.  Привезли в срок. А  крутые спецы поставили  качественно и за приемлемую цену. Выбирали в Салоне на Мангелике, Спасибо большое менеджерам.  Однозначно еще буду обращаться.
Двери превзошли мои ожидания. Отличный выбор для обновления интерьера. Покупали дверь Палаццо!
Очень долго делали ремонт, сил не оставалось на выбор дверей. Хотели как можно быстрее закончить этот процесс. Случайно увидела в ТЦ салон этой компании, зашли и очень быстро менеджер нас убедил в покупке именно этих дверей. Наконец-то все это закончилось, все быстро приобрели и установили. Пока никаких минусов в дверях и сервисе не обнаружила. Смело советую.
Что понравилось: Великолепное натуральное покрытие, скрытые петли, плинтуса в цвет дверейСпасибо персоналу магазина, особенно менеджеру Ильзату, за то, что помог подобрать безумно красивые двери.
Все понравилось здесь, и двери, и менеджеры. Дали всю информацию по дверям, доставке, оплате. Выбрали модель Роялти, очень красиво смотрится в квартире, ничего лишнего. Буду обращаться еще!
Дочери в квартиру решили купить двери. Очень понравилась модель Палаццо. В салоне они с мужем и выбрали, а я только в интернете посмотрела, что это за двери, так как в магазин не захотела идти. Двери очень красивые, цвет жемчуг - это просто шедевр. Фурнитуру выбрали Эприл в бронзе. Дочь просто в восторге. Менеджеры дали контакты хороших установщиков. Спасибо большое.
Работа качественная!По рекомендации знакомых купил межкомнатные двери в компании «Белвуддорс». Стильный салон, большой выбор моделей, вежливый персонал. Отдельная благодарность менеджеру, терпеливо объясняла мне, что и как. Знакомым, друзьям буду советовать обращаться в эту компанию.
Долго искала двери в дом, чтобы была хорошая, не пропускала холод и тд. Мало, где можно сейчас найти действительно качественную дверь такого плана. Но наконец я натолкнулась в интернете на эту компанию. Позвонила, специалист меня полностью проконсультировал, ответил на все вопросы. Очень понравилось даже отношение к клиенту, что не бросили в таком вопросе. Поэтому записалась на  замер , а потом и заказ оформила. Покупкой довольна!
Сын женился недавно, решили подарком будет ремонт в новую квартиру. И т.к. дизайн  был классика, то очень понравились двери Палаццо. Менеджеры помогли грамотно составить заказ. Повезло что данная модель как мне сказали в наличии. Быстро привезли. Установка тоже на отлично. Спасибо большое. В будущем буду еще обращаться.
Если нужны двери входные или межкомнатные-вам сюда.Сервис ,гарантия,фурнитура и много интересного.
Сколько дверных салонов обошли, но решили все таки остановится именно в этой компании. Двери очень красивые, выбрали для себя в новую квартиру классические белого цвета. Качеством полностью довольны, никаких проблем не возникает. После ремонта пришли гости и сразу начали спрашивать, где брали двери. Всем всё понравилось. Будем вас рекомендовать!
Очень крутые двери! Я в восторге!Заказали входные двери на дачу.Выбирали из нескольких компаний.Остановились на этой.Очень понравилось общение с менеджером, все доходчиво и понятно.
Добрый день. Заказывал двери межкомнатные Кремона 1 и Кремона 2 остекленные. Хочу поблагодарить магазин за хорошую (отличную) работу, внимательное отношение к клиенту. Особо хочу отметить доставку дверей, доставили даже раньше оговоренного срока за что отдельное спасибо. Все время исполнения заказа магазин был на связи, всегда информировал о движении моего заказа. Отдельно хочу поблагодарить монтажника ( установщика) дверей, я давно не видел такого профессионала, двери установлены просто супер, качество установки отличное. Пользуется только профессиональным инструментом ( некоторое вещи и не видел даже раньше). Желаю магазину и дальше держать марку и побольше клиентов!
Мне понравилось работать со специалистами в этой компании. Все добрые, отзывчивые, во всем помогут и подскажут. Двери тоже очень хорошие, взяли 9 штук в новую квартиру, Роялти. Средняя цена, хорошее качество, дизайн красивый и хорошо вписывается в дизайн. Думаю, обратимся еще раз сюда. Спасибо!
Большое спасибо хочу сказать компании Белвуд. Приобретали двери для дочери в новую квартиру. Нужны были нестандартные полотна по высоте и не обычные а именно невидимки. Порадовало наличие всех размеров по высоте 240. Также хотелось бы отметить отменное качество, полотна не тонкие а прочные (усиленные). Очень помогли менеджеры салона по Мангелик, сделали отличный просчет и даже предоставили скидку приятную. Замер бесплатный , что тоже было плюсом. От заказа до доставки прошло всего 5 дней.  Однозначно компания лучшая по качеству и скорости. Буду думаю еще не раз обращаться, т.к. впереди покупка квартиры для младшей дочери.
Срочно нужны были двери высотой 2.3 в белом цвете. Везде куда обращались называли большие сроки, а тут дверь была в наличии! Ну конечно мы взяли, качеством довольны, все привезли и сделали буквально за неделю!
Очень доволен организацией Белвуддорс. Менеджер Жансая прекрасно проконсультировала и помогла в выборе двери. Доставка осуществилась в назначенный день в оговоренное время, никаких сложностей не возникло. Брал модель Кремона 2 в эмали жемчуг. Двери хорошие, цены не кусаются. Монтаж осуществил Сергей - мастер своего дела.Установил дверь идеально. Я очень доволен.
Очень довольна своей покупкой в этой фирме. Квартира так преобразилась с новыми дверями, что просто не узнать! Довольна качеством, дизайном, работой мастеров. Мы покупали двери Арвика: ничего лишнего, а смотрятся супер. Всем спасибо за хорошую работу. Будем обращаться еще.
Спасибо большое девочкам с  Кабанбай Батыра. Все рассказали, помогли замер сделать и правильно посчитать. Палаццо модель просто шикарная, отлично смотрится в квартире, а какую фурнитуру выбрали 10 из 10. Порадовало то что все было в наличии и быстро доставили, и также быстро пришли мастера и поставили все двери. Вся семья в восторге. До этого заказывала кухню с Беларуси, теперь и двери, очень довольна всем. Еще раз спасибо
Двери хороши не только на картинке , но и в деле. Приобрели дверь Палаццо, мастера сделали замер и поставили качественно. На каждый вопрос менеджер смог дать четкий ответ. Поэтому проблем на всем пути не возникло. Мы с женой довольны полностью покупкой.
Выбрала эту фирму, т.к. замер бесплатный, низкие цены на двери. Знакомые купили дверь, всем довольны. Установщики все сделали быстро, все за собой прибрали. Качество двери хорошее, сквозняков нет, шума тоже не слышно из подъезда.
Сразу хочу отметить работу менеджера Натальи, очень все подробно объяснила и рассказала. Двери покупали во время акции. Как и всем ждать мы не могли, поэтому выбирали из того, что есть на складе, а выбор там оказался не маленьким! Взяли классические белые двери Ламиру, жене очень понравились
Приобретала двери для дочери своей. Долгое время не получалось найти что-то не классическое но и с сильным дизайном. Но буквально месяца 2 назад зацепился глаз о модель Флекс. Сразу тронул дизайн, а золотой цвет добавил свой шарм. Заказали, неделю назад привезли все. Сейчас не могу нарадоваться  данной моделью. В будущем в планах приобрести двери  еще в квартиру маме, думаю уже знаю что буду заказывать. Спасибо большое также менеджерам. Грамотная работа и отзывчивость на высоте!
Хочу поблагодарить сотрудников салона на Богенбай батыр. Очень отзывчивые менеджеры, помогли с выбором дверей, с расчетом цены. Еще и доставку быстро сделали, поэтому и поставила двери быстро. Двери красивые, прочные. Сразу видно, что деньги не зря платишь. В общем огромное спасибо всем!!!
Очень доволен качеством дверей этой компании. Раньше покупали дочке в квартиру. Пришло время и себе три двери сменили в доме. Теперь - красота!
Столько магазинов с дверями обошла, но все не могла найти то, что действительно понравится. Где только не искала. И вот наткнулась на салон белорусских дверей. Думаю, ну что уже терять. Зашла и сразу нашла ту самую дверь! Быстро записалась на обмер, все быстро посчитали, просто сказка. И вот двери у меня! Вы супер
Купили квартиру и решили поменять двери, В инстаграмме нашли вашу рекламу и очень понравилась модель Палаццо 3/1. Классическая массивная модель, Также менеджеры обрадовали тем что были скидки. Съездили в салон по Мангелик Ел, очень понравилась в живую, и сразу прикипели к ней. Менеджер Анель помогла грамотно сделать заказ и посчитать всё что нужно.  Двери приехали в срок и в отличном качестве. Теперь нас радуют. Большое спасибо Белвуду за отличную работу.
Выбирал двери для родителей, мама хотела классику, но и не слишком банальные, очень понравилась модель Стелла, отличное сочинение шпона и эмали. Мама была в восторге, спасибо также менеджеру Татьяне все подробно рассказала. Скоро ремонт у сына, и уверен что опять закажу у вас.
Занимались ремонтом, дошли до дверей. Выбор огромный, сначала растерялся. Остановился на Дверях Беларуси, подкупило отношение к клиенту и предлагаемый сервис. Замер бесплатный, доставка аккуратная и недорогая. Рекомендую эту компанию.
Строители ошиблись с размером проемов, и везде говорили ну очень большие сроки ожидания... Обратились сюда, и как оказалось тут были двери фасона и цвета, еще и наши размеры! Татьяна очень приятный менеджер! Если вдруг понадобятся двери, заказывать будем тут!
Самое лучшее качество - здесь. Приобрели около двух месяцев назад модель Арвика. Менеджер зарекомендовала эту модель, как с повышенной звукоизоляцией. И все ее слова оказались правдой. Очень довольны покупкой, потому что для нас с женой это было очень важным моментом. Двери красивые, так ещё и качество супер.
Очень срочно понадобились двери высотой 2200 в несколько комнат. Долго искали, где можно купить, но нигде не было нужного размера. И по счастливой случайности обнаружили салон Белвуддорс на Абая. Зашли, менеджер сразу же посоветовал несколько моделей в наличии! Ассортимент очень понравился, а менеджер очень оперативно сработал. Рекомендую!
Знаю этот магазин уже давно. У них есть точка на Абая, покупал там двери, сейчас видел на Мангелик Ел. Продавец ,который со мной работал просто молодец. Двери до сих пор стоят, как новые. Продукция у них не дешевая, но цена соответствует качеству.
Долгое время ходили с женой в салон по Кабанбай-Батыра. смотрели , выбирали двери, но не могли никак решиться к приобретению, то сумма большая была, то модель не очень понравилась. А буквально на неделе прошлой, пришла в Ватсап  от девочек с салона информация что будет Рассрочка от КАСПИ на 24 месяца. Очень обрадовались. Пришли в салон и сделали заказ на Палаццо 2 именно в неё влюбились. т.к. все было в наличии оперативно заказали и привезли. На Днях будет установка. Большое Спасибо Татьяне и Валерии за  отличную работу.
Выражаю огромную благодарность и признательность за профессионализм и умение работать с клиентами менеджеру Гаухар из салона Белорусские двери, что в городе Нур-Султан, рынок Тулпар! Благодаря Гаухар в оговоренный в договоре срок нам доставили шикарнейшие двери Палаццо 2. Более того, она помогла нам найти квалифицированных  мастеров по установке дверей. Огромное спасибо вам, Гаухар, за добросовестный труд. Именно благодаря Вам наша дорогостоящая покупка будет радовать нас не один десяток лет. Желаем вам крепкого здоровья, счастья и всех-всех благ!
Хочу поделится радостью от дверей Палаццо 2, давно с мужем хотели приобрести что-то подобное, но в других компаниях  то не устраивало качество исполнения, то цвет и дизайн. По совету сестры, которая покупала уже двери в данной компании посетили салон по Кабанбай Батыра и как-то сразу обратили внимание на данную модель, да цена не совсем низкая , но зато гарантированно качественная дверь, чему мы очень рады, думаю не последняя наша покупка впереди ремонт у сына.
Благодарю менеджера Романа за помощь в выборе дверей Ламира 1 с остеклением для гостиной моего дома, подробную интересную консультацию, внимательное отношение, помощь в организации монтажа дверей. Очень восхищена выбранной моделью дверей. Она идеально вписалась в мой интерьер! Качество дверей - превосходное!
Добрый день , заказывали в квартиру свекрови межкомнатные двери , всё очень понравилось, особенно то, что можно заказать нестандартный размер(высокие потолки), подобрать двери к интерьеру, есть разные по стилю и даже по цвету варианты. Больше всего хотелось бы отметить менеджера Романа, всегда был на связи, если возникали вопросы , моментально отвечал, всегда держал в курсе дела . Спасибо большое ! Свекровь довольна !
Покупал двери для мамы - была просто в восторге. Серия Палаццо сразу захватила её.  Сейчас решили с женой сделать ремонт у себя, ни секунды не сомневаясь опять обратился в Белвуд, Покупали Аурум двери, бесподобный дизайн и парящая филенка на стекле именно то что нам надо было. Жена очень довольна. В будущем квартира для сына и как вы поняли опять обратимся в Белвуд. Огромное спасибо за Вашу работу. Девочки-менеджеры с Кабанбай Батыра самые лучшие, спасибо за помощь в оформлении заказа.
В очередной раз убеждаемся в качестве этих белорусских дверей. Покупаем уже во вторую квартиру, сыну в дом тоже брали. Рекомендуем эту компанию от души!
Надо были двери 2.2 высотой, тут они как раз в наличии оказались. Классические, как я и хотела, ручки, петли тоже в наличии. Установку чуть-чуть подождали и вот уже двери стоят в нашей новой квартире!
Очень был рад, посетив данный магазин количеством моделей дверей и выбором. Грамотные консультанты помогли подобрать двери по моему запросу. Теперь не могу нарадоваться прекрасным дверям Палаццо, идеально вписались в интерьер моей квартиры. Однозначно 5 из 5. Еще и буду советовать.
Покупал двери в данном салоне,очень большой выбор дверей,высокое качество белорусской продукции никогда не подводило!Менеджер Татьяна особенно обходительно проконсультировала, мы с женой были в восторге.Очень большой выбор ,но мы остановились на модели Arvika очень понравилась,и подходит к нашему интерьеру.Советую!
Заказывали в этой компании межкомнатные двери в квартиру из коллекции Кремона. Брали и глухие, и с остеклением. Понравилось качество и выглядят они очень стильно, сдержанно. Заказать можно в разных размерах, с шагом в 10 см. И стекло можно выбрать из предложенных вариантах. Оформил с доставкой, это бесплатно. Фурнитуру тоже у них покупал, консультант помог с выбором.
Приобретали четыре межкомнатных двери в квартиру, решили сразу же заменить все в одном стиле, понравился кофейный цвет и материал очень прочный. С установкой проблем не возникло.
Двери в квартиру отсюда приобретал, как межкомнатные, так и входные. Понравилось, что ассортимент большой, есть возможность замера и доставки. С выбором помогут, подскажут, дадут совет. Купленные двери отличного качества, вообще магазин классный, мне понравился.
Порадовали качеством белорусских дверей, ставили в наш коттедж. Покупали входную и межкомнатные двери. Отдельная благодарность и менеджеру за терпение (а то мы долго с женой выбирали модели дверей). и мастерам тоже благодарны, за то что постарались установить всё в обещанные сроки. Качество стоящее. С красивыми дверьми дом преобразился. Буду советовать соседям.
Были в этом салоне пару недель назад двери- супер, выбрали на сайте одну модель- по приезду - в магазине- глаза просто разбегались. Нам прежложили хороший вариант даже дешевле, чем мы смотрели. Оформили, доставили и установили за пару дней!
Выражаю большую благодарность коллективу компании Belwooddors за компетентные консультации, организацию доставки и установки дверей. Особенно выделяем работу менеджера Ксении за помощь при выборе межкомнатных дверей, исчерпывающей информации по качеству, прочности и долговечности использования их продукции. В дальнейшем буду советовать желающим приобрести двери, чтобы останавливали свой выбор  на продукции компании Belwooddors. Огромное спасибо за работу!
Благодаря отличной консультации продавца мы без проблем нашли интересующие нас двери. Двери хорошего качества, и большой ассортимент на выбор.
Классный магазин, в наличие большое количество межкомнатных дверей, все можно посмотреть и пощупать в живую, плюс цены не завышены и доставка работает отлично, нам заказ привезли без задержек!
Нам очень понравился салон, менеджер в г. Караганда помогла с выбором, всё рассказала, объяснила. Мы всем довольны, дома любуемся на наши классные двери))
Заказывали двери все очень понравилось. Обслуживание на высшем уровне! Спасибо за такой грамотный подход к клиентам.
Очень довольны гарантийным сервисом Belwood. Очень грамотно была организована работа под руководством менеджера Марины в Астане - четко, качественно, как по часам. Также хотелось бы отметить качественную работу установщиков Вячеслава и Анатолия - дверь забрали, позже после ремонта привезли и быстро установили. Что немаловажно, все делается в заранее оговоренное время, что очень удобно.Очень довольны, спасибо! Успехов в работе!
Очень понравилось обслуживание. Менеджеры внимательные, помогают при выборе, уточняют все замеры. Двери привезли в срок. Установили прекрасно. Менеджеры всегда на связи. Спасибо вам за работу!!!
Добрый день, недавно были в этом салоне хотели купить двери в квартиру, понравилась на сайте одна модель,но в салоне их не было.
Не смотря на это, менеджер проконсультировала нас по представленным полотнам и мы быстро выбрали другую модель, все оказалось в наличие-оформила заказ, быстро все привезли и установили! Все нравится- не могу налюбоваться))
Отличный выбор хороших качественных дверей. И удобно очень именно там приобрести, потому что там огромный выбор и других производителей дверей, пройдётесь, посмотрите на российские двери и сразу ваш выбор будет ясен, лучше конечно чем у Белвуда нет. Цена, качество.
Добрый день, были в вашем салоне, выбрали двери быстро благодаря хорошей консультации и сразу решили, какие будем покупать- оформили, и привезли в согласованное время, очень довольны качеством!)
Я полностью доволен всеми этапами работы с этой организацией (заказ, обмер, доставка, установка). Отличное качество, быстрая и качественная установка. Спасибо всем, кто участвовал в этом! При необходимости буду с удовольствием обращаться еще и советовать друзьям и знакомым.
Заказывали двери в этой компании, остались очень довольны. Дали грамотную консультацию, помогли определиться с выбором, предложили надежную фурнитуру. Установка прошла успешно и в срок. Остались довольны)
Огромное спасибо за качественно выполненную работу! Идеальное качество дверей и очень профессиональная установка. Менеджер очень быстро и качественно выполнила свою работу, двери идеально подошли к дизайну комнаты!
Ксения отличный менеджер, помогла с выбором, грамотная консультация, всё быстро оформила. Дверями полностью довольны.
Достоинства: Замки в подарок.Качество дверей. Недостатки: Задержали установку.

	 Посетили этот магазин и остались довольны сервисом и продукцией. Двери и всю фурнитуру покупали здесь, замки были в подарок. Двери качественные
Покупали от этого производителя двери. Качеством обслуживания в салоне остались довольны, менеджер всегда была на связи до самой отгрузки заказа. Двери нравятся. Немного задержали сроки изготовления. Но на качество товара это никак не влияет. Рекомендую!
Приобретал двери в этом магазине, все понравилось от сервиса до цен
Хорошие двери, девушка Анастасия терпеливо помогла с выбором, спасибо! Рекомендуем!
Долго выбирали дверь в тамбур, позвонили в 
Белвуддорс, приехал замерщик быстро и квалифицированных рассказал
 о всех нюансах, дал советы и указал сроки установки. В назначенный день
 специалист по монтажу дверей идеально выполнил свою работу, вынес мусор
 и старые двери. Спасибо Вам за прекрасный результат, процветания и 
успехов!
Очень хорошие двери! Покупали в квартиру, довольны покупкой.
Здравствуйте, хотелось бы оставить отзыв об этом салоне, приобрели двери на днях, долго не могли определится, увидив большое количество товара, но менеджеры смогли подобрать и угодить нам, отдельное спасибо за это Ксении, качество дверей хорошее здорово вписались в наш интерьер. Ещё раз спасибо, рекомендую!!!
Недавно покупал у вас двери в новую квартиру для мамы. Хочу выразить благодарность за отличное обслуживание и клиентский подход! Также хочу отметить Елену за ее профессионализм и умение находить грамотные решения для непростых задач клиента! Рекомендую данной салон.
Мне понравился данный магазин. Грамотные консультанты, подробно и обстоятельно расскажут о всех моделях дверей. 
Сами двери качественные и красивые.
Приехали, померяли. Теперь ждем доставку!
Мне понравился магазин. Грамотные консультанты подробно и обстоятельно расскажут о всех моделях дверей. Сами двери качественные и красивые.
Отличный сервис! Доставку сделали в оговоренный день, как и обещали. Менеджеры связывались вплоть до установки дверей и интересовались всё ли хорошо.
Хочу отметить отличную работу персонала магазина в Астане! Всё быстро и четко!
Просто огромный выбор дверей и фурнитуры! И график работы тоже радует.
Хорошие двери, девушка Анастасия терпеливо помогла с выбором, спасибо! Рекомендуем!
Отличная компания! Всё сделали и установили в оговоренные сроки! Всем довольна!
Прослушать отзыв 
	 Всё объяснили, оформили, теперь будем ждать установку.
Прослушать отзыв 
	 На мой взгляд лучшие двери, на сегодняшний день. Быстро среагировали, быстро установили. Всем рекомендую!
Свой выбор остановили на ваших дверях. Поехали в магазин 12 месяцев. Нас встретила менеджер Алтынай. Спасибо ей огромное.  Помогла сделать выбор. Предлагала разные варианты дверей.  Подробно рассказала о всех дверях. И вот наконец-то  сегодня их установили. Установку заказали там же. Не стали рисковать. Двери установили бригада Ивана.  К сожалению не знаю как зовут других ребят. Спасибо всем им. Успехов Вашему магазину.
Очень приветливый персонал (были в 2-х магазинах). Помогли выбрать и согласовать доставку и монтаж дверей. Двери сами очень красивые. Мы довольны!)
Хорошие двери. Привезли лишнюю дверь, но забрали. В остальном все отлично.
Менеджер в салоне очень старался помочь. Всё вовремя привезли и помогли поднять на нужный этаж. Очень довольны!
Больше года используем дверь франческа винтаж - на сайте уже такой нет. Всем гостям они очень нравятся, постоянно спрашивают где взяли?  При использовании никаких нареканий не возникло. Рекомендую.
Прослушать отзыв 
	 Понравились двери: они жесткие, красивый дизайн, доставили - всё хорошо.
Очень понравилась работа менеджера - всё быстро и понятно. Сами двери достаточно хорошего качества, фурнитура в комплекте.
Прослушать отзыв 
	 Остановил свой выбор на ваших дверях. Благодаря цвету, материалу и консультации. Менеджер Арман молодец.
Прослушать отзыв 
	 И ламинатом и дверьми очень довольна, всё очень нравиться. Цена, качество, хороший менеджмент. Достаточно хорошие двери и за неплохую цену.
Прослушать отзыв 
	 Для меня было важно, что можно заказать входные двери в одном стиле с межкомнатными.
Прослушать отзыв 
	 Всё отлично, в следующий раз возможно опять у вас куплю.
Прослушать отзыв 
	 Меня обслуживала Эльмира. Она хорошо отвечала на вопросы моего мастера. Видно, что знают что продают.
Магазин очень понравился. Приветливый и профессиональный персонал.
Прослушать отзыв
 
Довольна купленной дверью, всё хорошо установили и не было никаких проблем.
Прослушать отзыв 
Всем довольны. Доставка была до двери, консультировали тоже хорошо.
Прослушать отзыв 
Не раз покупали у вас двери. Всё пришло в срок, всем довольны.
Прослушать отзыв 
Саму дверь ещё не смотрел, но отработали отлично.
Прослушать отзыв 
Обслуживали девушка и парень - очень хорошо обслужили.
Прослушать отзыв 
Все понравилось. Очень хорошее обслуживание. Всё объяснили и рассказали. И двери очень красивые - в новую квартиру планируем снова у вас двери приобрести.
Прослушать отзыв 
Очень хороший продавец. Дверями очень довольно, очень красивые двери.
Прослушать отзыв 
Всё было вовремя, всё было хорошо. Была одна заминка но всё быстро исправили.
Прослушать отзыв 
Купил в новую квартиру. Всё нормально - доставили в тот день, что я хотел.
Прослушать отзыв 
Всем довольны. Двери покупали у вас и устанавливали ваши установщики.
Прослушать отзыв 
Всё устроило: качество, модель, дизайн, работа Алексея в целом.
Прослушать отзыв 
Хотелось бы склад поближе. Если нужно что-то ещё добирать - нужно опять ехать на склад.
Прослушать отзыв 
В целом - всё хорошо. Обслуживал нас Роман и обслуживал очень хорошо.
Прослушать отзыв 
Единственное что хотелось бы - это доставку до дверей, а то двери тяжеловаты.
Прослушать отзыв 
Всем довольна. Перед доставкой предварительно позвонили. Хотелось бы, чтобы сроки были быстрее, а так всё хорошо.
Прослушать отзыв 
В общем доволен. Единственное - 2 детали с дефектом пришли, но обещали всё заменить.
Прослушать отзыв 
Двери отличные. Насчитали мне наличников больше чем надо, буду возвращать. В остальном все понравилось. Персонал компетентный.
Прослушать отзыв 
Покупкой довольны, качеством тоже. Установили двери. Доставили в день как и договаривались.
Прослушать отзыв 
Абсолютно довольны. Хотелось бы видеть больше выбор фурнитуры.
Прослушать отзыв 
Двери очень нравятся. Как не посмотрю, так добрым словом вспоминаю.
Прослушать отзыв 
Все отлично. И обслуживание хорошее, и менеджеры отличные.
Прослушать отзыв 
Мы заказывали плинтус, но так как плинтус не пришел, нас вовремя проинформировали, предложили замену. Мы довольны, будем ваш магазин советовать другим.
Прослушать отзыв 
Все хорошо было, я всем довольна)
Прослушать отзыв 
В целом мне очень понравилось. Мы когда пришли с супругой была менеджер Елена, она очень хорошо рассказала про двери, помогла выбрать, помогла рассчитать. Расположила ваша компания.
Прослушать отзыв 
Мне все понравилось. Обслуживала Анастасия очень приветливая. Если возникали проблемы она нам их решала.
Прослушать отзыв 
Нас все устраивает. Работаете без обеда и выходных. Всегда на связи.
Прослушать отзыв 
В этот раз я довольна. В прошлый раз я говорила ваши минусы, но в этот раз я вижу что вы работаете хорошо, причем оперативно!
Прослушать отзыв 
О, да. Очень довольны, мы уже поставили, всем нравятся. Кто не заходит мы всем показываем, всем нравятся двери.
Прослушать отзыв 
Мы довольны. Два раза двери покупали. Желаем процветания и побольше клиентов.
Прослушать отзыв 
Цена и качество понравилось. Обслуживание и логистика на 4 балла. В принципе хорошее впечатление.
Прослушать отзыв 
Хорошее впечатление о компании, познакомили с новинками. Спасибо.
Прослушать отзыв 
Все устраивает, двери очень нравятся, красивые. Мы уже установили в ванну и туалет. Очень довольны приобретением, еще и скидку получили.
Прослушать отзыв 
Все устраивает, обменяли двери. С машиной проблема была, заказывали на выходные, наверное по этому. Парень который развозит - очень молодец.
Прослушать отзыв 
Мы купили двери, нам понравились. Мы еще не живем в квартире, но она очень нравится. Посмотрим как она покажет себя в дальнейшем.
Поделюсь своим опытом, может мой отзыв кому-то поможет. Озаботился этим ещё до начала ремонта. Много смотрел в интернете, читал отзывы. Сначала хотел взять у другой компании. Но почитал отзывы и закрались сомнения, а за такую цену их не должно быть. В одном из магазинов мне посоветовали белорусского производителяБелвуддорс. Посмотрел на сайте модели и обратился в магазин. Пришлось искать нужную мне модель по всему городу. В одном из магазинов согласились привезти под заказ. Отзывов на эту модель в интернете совсем нет, было страшно заказывать кота в мешке. Но всё закончилось хорошо, благополучно доставили и установили. Недостатков в сборке я не заметил.
Могу посоветовать межкомнатные двери отличного качества. Сам ставил и не жалею, хотя всегда проверяю продавца на качество.Да и цены на много дешевле остальных производителей вообщем рекомендую. Единственное - немного затянули с доставкой. Поломалась машина. Но в целом - всё хорошо.
После ремонта нам с женой пришлось выбирать всё новое, и двери в том числе. Не сразу определились с выбором нужного дизайна, поэтому обратились к специалистам. Теперь полностью довольны результатом!
Переезжаем в новую квартиру, поэтому хочется, чтобы ремонт был идеальным. Долго искала двери, которые бы подходили нам по дизайну и по цене. Позвонили в компанию «Белвуддорс», к нам приехал специалист с каталогом и образцами материалов, помог определиться с выбором. Новые двери мне безумно нравятся! Что могу сказать о компании «Белвуддорс» - отличный сервис и отличные двери!
Двери - просто загляденье! Очень красивые, стильная и современная! Рекомендую!
Заказывал входную дверь по акции с бесплатной установкой! Замерщик приехал в этот же день, установили через 3 дня.Всем очень доволен!
Всех читателей моего отзыва приветствую. После двух лет эксплуатации межкомнатных дверей данного производителя уже сложилась определенная оценка их качества. На данный момент могу поставить им твердую пятерку. Так как за время своей службы они нас ни чем не огорчили, а только порадовали. Мы выбрали двери очень хорошего качества, средней ценовой категории. Двери достаточно тяжелые, покрыты экошпоном. Никаких пятен, ляпок, отпечаток пальцев на них не остается. Легко протираются от пыли. За два года нигде ничто не отклеилось и не отошло. У нас в квартире живет кошка, которая каждый день их царапает, на них это никак не влияет, значит они очень стойкие к кошачьим коготкам )
После заказа, обмер, консультация, установка - во время, качественно. Спасибо.
В моем жилье сейчас везде стоят двери белвуддорс. Не могут никак надоесть, лучшее качество!
Делал заказ межкомнатных дверей из экошпона в салоне. Очень доволен дверями, в бюджет вписались. Качество установки супер.
Спасибо персоналу магазина,остались очень довольны! Были учтены все наши пожелания. Отличное качество дверей,превосходный внешний вид,отличная звукоизоляция! Преобрели так же межкомнатную дверь в зал. Двери очень красивые. Обязательно обратимся к Вам ещё раз,решили заодно поменять и остальные двери в квартире))) будем Вас рекомендовать,спасибо большое. Отдельную благодарность хотим выразить мастерам (к сожалению не спросили имени) установившим нам дверь,быстро и качественно. Спасибо вам,ребята!
Приятно удивлена качеством и дизайном белорусских дверей. На мой взгляд, не хуже многих европейских брендов.
За такую цену двери просто супер! Однозначно рекомендую всем!
Отличные двери за адекватные деньги! Аккуратно все сделано. Огромное пасибо!
Не пожалела, что поехала к вам в салон. Нашла отличные двери по хорошей цене и выбрала фурнитуру на месте.
Молодцы! Каждый месяц новые скидки и приятные бонусы. Друзьям буду вас рекомендовать.
Приехали в салон и выбрали хорошие двери по символической цене. На сэкономленные деньги поменяли двери родителям.
Понравился профессиональный подход работников. Помогли выбрать двери, бесплатно доставили, и качественно установили. Рекомендую!
Обратился по рекомендации приятеля в ваш салон. Остался доволен широким ассортиментом и хорошими ценами.
Долго искала двери в новую квартиру. Нашла стильные двери по адекватной цене.
Хочу выразить Благодарность компании, но больше всего мы работали с Натальей. Она ответственно относиться к своей работе, очень внимательная и вежливая к заказчикам. Мы не сразу определились какие нам нужны двери и Наталья нам всё посоветовала и порекомендовала по цене и качеству. Мы остались очень довольны!Сейчас у нас самые красивы двери! Всём рекомендуем и будем ещё обращаться.
Запрос: нестандартные двери высотой 2.8. Да, ждали их с завода, но после установки в восторге, никогда такие высокие двери не покупал, но я нахожусь до сих пор под впечатлением. Точно будем друзьям рекомендовать)
Недавно купили в Белвуд двери. Менеджер на Абая помогла с выбором, все быстро рассчитала. Понравилось, что очень большой выбор дверей в салоне, есть из чего выбрать. Еще и с установщиками помогли, подсказали. Пока дверями довольны!
Заказывал 3 двери с фрамугами) Очень понравился внешний вид и качество - лучший выбор цена -качество на рынке.
Покупали двери дочке в квартиру, здесь все было в наличии ждать ничего не надо. хорошие двери, все довольны
Выбрали эту фирму, когда делали ремонт в квартире, и не пожалели ни о чем. Быстрая доставка, бесплатный замер по городу, клиентоориентрированные сотрудники - все вело к покупке, поэтому не было никаких сомнений. Спасибо за качественный товар!
Хочется выразить огромную благодарность за двери! За качественную и быструю работу, начиная с помощи в подборе вариантов, заканчивая установкой! Все очень быстро удобно и приятно в итоге вышло! Прошло 2 месяца, мы очень довольны!
Покупал маме в квартиру здесь двери. Она довольна и качеством , и ценой. Пока стоят не долго, но пока никаких недочетов не было выявлено. Ставлю 5 звезд!
Дизайнер посоветовала эту компанию. Двери которые мы хотели оказались заказными, ну время было у нас. Приехали на замер бесплатный, и двери тоже привезли бесплатно, по изготовлению вопросов нет
Хочу выразить Благодарность компании, но больше всего мы работали с Натальей. Она ответственно относиться к своей работе, очень внимательная и вежливая к заказчикам. Мы не сразу определились какие нам нужны двери и Наталья нам всё посоветовала и порекомендовала по цене и качеству. Мы остались очень довольны!Сейчас у нас самые красивы двери! Всём рекомендуем и будем ещё обращаться.
Запрос: нестандартные двери высотой 2.8. Да, ждали их с завода, но после установки в восторге, никогда такие высокие двери не покупал, но я нахожусь до сих пор под впечатлением. Точно будем друзьям рекомендовать)
Недавно купили в Белвуд двери. Менеджер на Абая помогла с выбором, все быстро рассчитала. Понравилось, что очень большой выбор дверей в салоне, есть из чего выбрать. Еще и с установщиками помогли, подсказали. Пока дверями довольны!
Заказывал 3 двери с фрамугами) Очень понравился внешний вид и качество - лучший выбор цена -качество на рынке.
Покупали двери дочке в квартиру, здесь все было в наличии ждать ничего не надо. хорошие двери, все довольны
Выбрали эту фирму, когда делали ремонт в квартире, и не пожалели ни о чем. Быстрая доставка, бесплатный замер по городу, клиентоориентрированные сотрудники - все вело к покупке, поэтому не было никаких сомнений. Спасибо за качественный товар!
Хочется выразить огромную благодарность за двери! За качественную и быструю работу, начиная с помощи в подборе вариантов, заканчивая установкой! Все очень быстро удобно и приятно в итоге вышло! Прошло 2 месяца, мы очень довольны!
Покупал маме в квартиру здесь двери. Она довольна и качеством , и ценой. Пока стоят не долго, но пока никаких недочетов не было выявлено. Ставлю 5 звезд!
Дизайнер посоветовала эту компанию. Двери которые мы хотели оказались заказными, ну время было у нас. Приехали на замер бесплатный, и двери тоже привезли бесплатно, по изготовлению вопросов нет
Хочу выразить Благодарность компании, но больше всего мы работали с Натальей. Она ответственно относиться к своей работе, очень внимательная и вежливая к заказчикам. Мы не сразу определились какие нам нужны двери и Наталья нам всё посоветовала и порекомендовала по цене и качеству. Мы остались очень довольны!Сейчас у нас самые красивы двери! Всём рекомендуем и будем ещё обращаться.
Запрос: нестандартные двери высотой 2.8. Да, ждали их с завода, но после установки в восторге, никогда такие высокие двери не покупал, но я нахожусь до сих пор под впечатлением. Точно будем друзьям рекомендовать)
Недавно купили в Белвуд двери. Менеджер на Абая помогла с выбором, все быстро рассчитала. Понравилось, что очень большой выбор дверей в салоне, есть из чего выбрать. Еще и с установщиками помогли, подсказали. Пока дверями довольны!
Заказывал 3 двери с фрамугами) Очень понравился внешний вид и качество - лучший выбор цена -качество на рынке.
Покупали двери дочке в квартиру, здесь все было в наличии ждать ничего не надо. хорошие двери, все довольны
Выбрали эту фирму, когда делали ремонт в квартире, и не пожалели ни о чем. Быстрая доставка, бесплатный замер по городу, клиентоориентрированные сотрудники - все вело к покупке, поэтому не было никаких сомнений. Спасибо за качественный товар!
Хочется выразить огромную благодарность за двери! За качественную и быструю работу, начиная с помощи в подборе вариантов, заканчивая установкой! Все очень быстро удобно и приятно в итоге вышло! Прошло 2 месяца, мы очень довольны!
Покупал маме в квартиру здесь двери. Она довольна и качеством , и ценой. Пока стоят не долго, но пока никаких недочетов не было выявлено. Ставлю 5 звезд!
Дизайнер посоветовала эту компанию. Двери которые мы хотели оказались заказными, ну время было у нас. Приехали на замер бесплатный, и двери тоже привезли бесплатно, по изготовлению вопросов нет
Хочу выразить Благодарность компании, но больше всего мы работали с Натальей. Она ответственно относиться к своей работе, очень внимательная и вежливая к заказчикам. Мы не сразу определились какие нам нужны двери и Наталья нам всё посоветовала и порекомендовала по цене и качеству. Мы остались очень довольны!Сейчас у нас самые красивы двери! Всём рекомендуем и будем ещё обращаться.
Запрос: нестандартные двери высотой 2.8. Да, ждали их с завода, но после установки в восторге, никогда такие высокие двери не покупал, но я нахожусь до сих пор под впечатлением. Точно будем друзьям рекомендовать)
Недавно купили в Белвуд двери. Менеджер на Абая помогла с выбором, все быстро рассчитала. Понравилось, что очень большой выбор дверей в салоне, есть из чего выбрать. Еще и с установщиками помогли, подсказали. Пока дверями довольны!
Заказывал 3 двери с фрамугами) Очень понравился внешний вид и качество - лучший выбор цена -качество на рынке.
Покупали двери дочке в квартиру, здесь все было в наличии ждать ничего не надо. хорошие двери, все довольны
Выбрали эту фирму, когда делали ремонт в квартире, и не пожалели ни о чем. Быстрая доставка, бесплатный замер по городу, клиентоориентрированные сотрудники - все вело к покупке, поэтому не было никаких сомнений. Спасибо за качественный товар!
Хочется выразить огромную благодарность за двери! За качественную и быструю работу, начиная с помощи в подборе вариантов, заканчивая установкой! Все очень быстро удобно и приятно в итоге вышло! Прошло 2 месяца, мы очень довольны!
Покупал маме в квартиру здесь двери. Она довольна и качеством , и ценой. Пока стоят не долго, но пока никаких недочетов не было выявлено. Ставлю 5 звезд!
Дизайнер посоветовала эту компанию. Двери которые мы хотели оказались заказными, ну время было у нас. Приехали на замер бесплатный, и двери тоже привезли бесплатно, по изготовлению вопросов нет
Хочу выразить Благодарность компании, но больше всего мы работали с Натальей. Она ответственно относиться к своей работе, очень внимательная и вежливая к заказчикам. Мы не сразу определились какие нам нужны двери и Наталья нам всё посоветовала и порекомендовала по цене и качеству. Мы остались очень довольны!Сейчас у нас самые красивы двери! Всём рекомендуем и будем ещё обращаться.
Запрос: нестандартные двери высотой 2.8. Да, ждали их с завода, но после установки в восторге, никогда такие высокие двери не покупал, но я нахожусь до сих пор под впечатлением. Точно будем друзьям рекомендовать)
Недавно купили в Белвуд двери. Менеджер на Абая помогла с выбором, все быстро рассчитала. Понравилось, что очень большой выбор дверей в салоне, есть из чего выбрать. Еще и с установщиками помогли, подсказали. Пока дверями довольны!
Заказывал 3 двери с фрамугами) Очень понравился внешний вид и качество - лучший выбор цена -качество на рынке.
Покупали двери дочке в квартиру, здесь все было в наличии ждать ничего не надо. хорошие двери, все довольны
Выбрали эту фирму, когда делали ремонт в квартире, и не пожалели ни о чем. Быстрая доставка, бесплатный замер по городу, клиентоориентрированные сотрудники - все вело к покупке, поэтому не было никаких сомнений. Спасибо за качественный товар!
Хочется выразить огромную благодарность за двери! За качественную и быструю работу, начиная с помощи в подборе вариантов, заканчивая установкой! Все очень быстро удобно и приятно в итоге вышло! Прошло 2 месяца, мы очень довольны!
Покупал маме в квартиру здесь двери. Она довольна и качеством , и ценой. Пока стоят не долго, но пока никаких недочетов не было выявлено. Ставлю 5 звезд!
Дизайнер посоветовала эту компанию. Двери которые мы хотели оказались заказными, ну время было у нас. Приехали на замер бесплатный, и двери тоже привезли бесплатно, по изготовлению вопросов нет
Хочу выразить Благодарность компании, но больше всего мы работали с Натальей. Она ответственно относиться к своей работе, очень внимательная и вежливая к заказчикам. Мы не сразу определились какие нам нужны двери и Наталья нам всё посоветовала и порекомендовала по цене и качеству. Мы остались очень довольны!Сейчас у нас самые красивы двери! Всём рекомендуем и будем ещё обращаться.
Запрос: нестандартные двери высотой 2.8. Да, ждали их с завода, но после установки в восторге, никогда такие высокие двери не покупал, но я нахожусь до сих пор под впечатлением. Точно будем друзьям рекомендовать)
Недавно купили в Белвуд двери. Менеджер на Абая помогла с выбором, все быстро рассчитала. Понравилось, что очень большой выбор дверей в салоне, есть из чего выбрать. Еще и с установщиками помогли, подсказали. Пока дверями довольны!
Заказывал 3 двери с фрамугами) Очень понравился внешний вид и качество - лучший выбор цена -качество на рынке.
Покупали двери дочке в квартиру, здесь все было в наличии ждать ничего не надо. хорошие двери, все довольны
Выбрали эту фирму, когда делали ремонт в квартире, и не пожалели ни о чем. Быстрая доставка, бесплатный замер по городу, клиентоориентрированные сотрудники - все вело к покупке, поэтому не было никаких сомнений. Спасибо за качественный товар!
Хочется выразить огромную благодарность за двери! За качественную и быструю работу, начиная с помощи в подборе вариантов, заканчивая установкой! Все очень быстро удобно и приятно в итоге вышло! Прошло 2 месяца, мы очень довольны!
Покупал маме в квартиру здесь двери. Она довольна и качеством , и ценой. Пока стоят не долго, но пока никаких недочетов не было выявлено. Ставлю 5 звезд!
Дизайнер посоветовала эту компанию. Двери которые мы хотели оказались заказными, ну время было у нас. Приехали на замер бесплатный, и двери тоже привезли бесплатно, по изготовлению вопросов нет
Хочу выразить Благодарность компании, но больше всего мы работали с Натальей. Она ответственно относиться к своей работе, очень внимательная и вежливая к заказчикам. Мы не сразу определились какие нам нужны двери и Наталья нам всё посоветовала и порекомендовала по цене и качеству. Мы остались очень довольны!Сейчас у нас самые красивы двери! Всём рекомендуем и будем ещё обращаться.
Запрос: нестандартные двери высотой 2.8. Да, ждали их с завода, но после установки в восторге, никогда такие высокие двери не покупал, но я нахожусь до сих пор под впечатлением. Точно будем друзьям рекомендовать)
Недавно купили в Белвуд двери. Менеджер на Абая помогла с выбором, все быстро рассчитала. Понравилось, что очень большой выбор дверей в салоне, есть из чего выбрать. Еще и с установщиками помогли, подсказали. Пока дверями довольны!
Заказывал 3 двери с фрамугами) Очень понравился внешний вид и качество - лучший выбор цена -качество на рынке.
Покупали двери дочке в квартиру, здесь все было в наличии ждать ничего не надо. хорошие двери, все довольны
Выбрали эту фирму, когда делали ремонт в квартире, и не пожалели ни о чем. Быстрая доставка, бесплатный замер по городу, клиентоориентрированные сотрудники - все вело к покупке, поэтому не было никаких сомнений. Спасибо за качественный товар!
Хочется выразить огромную благодарность за двери! За качественную и быструю работу, начиная с помощи в подборе вариантов, заканчивая установкой! Все очень быстро удобно и приятно в итоге вышло! Прошло 2 месяца, мы очень довольны!
Покупал маме в квартиру здесь двери. Она довольна и качеством , и ценой. Пока стоят не долго, но пока никаких недочетов не было выявлено. Ставлю 5 звезд!
Дизайнер посоветовала эту компанию. Двери которые мы хотели оказались заказными, ну время было у нас. Приехали на замер бесплатный, и двери тоже привезли бесплатно, по изготовлению вопросов нет
Хочу выразить Благодарность компании, но больше всего мы работали с Натальей. Она ответственно относиться к своей работе, очень внимательная и вежливая к заказчикам. Мы не сразу определились какие нам нужны двери и Наталья нам всё посоветовала и порекомендовала по цене и качеству. Мы остались очень довольны!Сейчас у нас самые красивы двери! Всём рекомендуем и будем ещё обращаться.
Запрос: нестандартные двери высотой 2.8. Да, ждали их с завода, но после установки в восторге, никогда такие высокие двери не покупал, но я нахожусь до сих пор под впечатлением. Точно будем друзьям рекомендовать)
Недавно купили в Белвуд двери. Менеджер на Абая помогла с выбором, все быстро рассчитала. Понравилось, что очень большой выбор дверей в салоне, есть из чего выбрать. Еще и с установщиками помогли, подсказали. Пока дверями довольны!
Заказывал 3 двери с фрамугами) Очень понравился внешний вид и качество - лучший выбор цена -качество на рынке.
Покупали двери дочке в квартиру, здесь все было в наличии ждать ничего не надо. хорошие двери, все довольны
Выбрали эту фирму, когда делали ремонт в квартире, и не пожалели ни о чем. Быстрая доставка, бесплатный замер по городу, клиентоориентрированные сотрудники - все вело к покупке, поэтому не было никаких сомнений. Спасибо за качественный товар!
Хочется выразить огромную благодарность за двери! За качественную и быструю работу, начиная с помощи в подборе вариантов, заканчивая установкой! Все очень быстро удобно и приятно в итоге вышло! Прошло 2 месяца, мы очень довольны!
Покупал маме в квартиру здесь двери. Она довольна и качеством , и ценой. Пока стоят не долго, но пока никаких недочетов не было выявлено. Ставлю 5 звезд!
Дизайнер посоветовала эту компанию. Двери которые мы хотели оказались заказными, ну время было у нас. Приехали на замер бесплатный, и двери тоже привезли бесплатно, по изготовлению вопросов нет
Хочу выразить Благодарность компании, но больше всего мы работали с Натальей. Она ответственно относиться к своей работе, очень внимательная и вежливая к заказчикам. Мы не сразу определились какие нам нужны двери и Наталья нам всё посоветовала и порекомендовала по цене и качеству. Мы остались очень довольны!Сейчас у нас самые красивы двери! Всём рекомендуем и будем ещё обращаться.
Запрос: нестандартные двери высотой 2.8. Да, ждали их с завода, но после установки в восторге, никогда такие высокие двери не покупал, но я нахожусь до сих пор под впечатлением. Точно будем друзьям рекомендовать)
Недавно купили в Белвуд двери. Менеджер на Абая помогла с выбором, все быстро рассчитала. Понравилось, что очень большой выбор дверей в салоне, есть из чего выбрать. Еще и с установщиками помогли, подсказали. Пока дверями довольны!
Заказывал 3 двери с фрамугами) Очень понравился внешний вид и качество - лучший выбор цена -качество на рынке.
Покупали двери дочке в квартиру, здесь все было в наличии ждать ничего не надо. хорошие двери, все довольны
Выбрали эту фирму, когда делали ремонт в квартире, и не пожалели ни о чем. Быстрая доставка, бесплатный замер по городу, клиентоориентрированные сотрудники - все вело к покупке, поэтому не было никаких сомнений. Спасибо за качественный товар!
Хочется выразить огромную благодарность за двери! За качественную и быструю работу, начиная с помощи в подборе вариантов, заканчивая установкой! Все очень быстро удобно и приятно в итоге вышло! Прошло 2 месяца, мы очень довольны!
Покупал маме в квартиру здесь двери. Она довольна и качеством , и ценой. Пока стоят не долго, но пока никаких недочетов не было выявлено. Ставлю 5 звезд!
Дизайнер посоветовала эту компанию. Двери которые мы хотели оказались заказными, ну время было у нас. Приехали на замер бесплатный, и двери тоже привезли бесплатно, по изготовлению вопросов нет
Хочу выразить Благодарность компании, но больше всего мы работали с Натальей. Она ответственно относиться к своей работе, очень внимательная и вежливая к заказчикам. Мы не сразу определились какие нам нужны двери и Наталья нам всё посоветовала и порекомендовала по цене и качеству. Мы остались очень довольны!Сейчас у нас самые красивы двери! Всём рекомендуем и будем ещё обращаться.
Запрос: нестандартные двери высотой 2.8. Да, ждали их с завода, но после установки в восторге, никогда такие высокие двери не покупал, но я нахожусь до сих пор под впечатлением. Точно будем друзьям рекомендовать)
Недавно купили в Белвуд двери. Менеджер на Абая помогла с выбором, все быстро рассчитала. Понравилось, что очень большой выбор дверей в салоне, есть из чего выбрать. Еще и с установщиками помогли, подсказали. Пока дверями довольны!
Заказывал 3 двери с фрамугами) Очень понравился внешний вид и качество - лучший выбор цена -качество на рынке.
Покупали двери дочке в квартиру, здесь все было в наличии ждать ничего не надо. хорошие двери, все довольны
Выбрали эту фирму, когда делали ремонт в квартире, и не пожалели ни о чем. Быстрая доставка, бесплатный замер по городу, клиентоориентрированные сотрудники - все вело к покупке, поэтому не было никаких сомнений. Спасибо за качественный товар!
Хочется выразить огромную благодарность за двери! За качественную и быструю работу, начиная с помощи в подборе вариантов, заканчивая установкой! Все очень быстро удобно и приятно в итоге вышло! Прошло 2 месяца, мы очень довольны!
Покупал маме в квартиру здесь двери. Она довольна и качеством , и ценой. Пока стоят не долго, но пока никаких недочетов не было выявлено. Ставлю 5 звезд!
Дизайнер посоветовала эту компанию. Двери которые мы хотели оказались заказными, ну время было у нас. Приехали на замер бесплатный, и двери тоже привезли бесплатно, по изготовлению вопросов нет
Хочу выразить Благодарность компании, но больше всего мы работали с Натальей. Она ответственно относиться к своей работе, очень внимательная и вежливая к заказчикам. Мы не сразу определились какие нам нужны двери и Наталья нам всё посоветовала и порекомендовала по цене и качеству. Мы остались очень довольны!Сейчас у нас самые красивы двери! Всём рекомендуем и будем ещё обращаться.
Запрос: нестандартные двери высотой 2.8. Да, ждали их с завода, но после установки в восторге, никогда такие высокие двери не покупал, но я нахожусь до сих пор под впечатлением. Точно будем друзьям рекомендовать)
Недавно купили в Белвуд двери. Менеджер на Абая помогла с выбором, все быстро рассчитала. Понравилось, что очень большой выбор дверей в салоне, есть из чего выбрать. Еще и с установщиками помогли, подсказали. Пока дверями довольны!
Заказывал 3 двери с фрамугами) Очень понравился внешний вид и качество - лучший выбор цена -качество на рынке.
Покупали двери дочке в квартиру, здесь все было в наличии ждать ничего не надо. хорошие двери, все довольны
Выбрали эту фирму, когда делали ремонт в квартире, и не пожалели ни о чем. Быстрая доставка, бесплатный замер по городу, клиентоориентрированные сотрудники - все вело к покупке, поэтому не было никаких сомнений. Спасибо за качественный товар!
Хочется выразить огромную благодарность за двери! За качественную и быструю работу, начиная с помощи в подборе вариантов, заканчивая установкой! Все очень быстро удобно и приятно в итоге вышло! Прошло 2 месяца, мы очень довольны!
Покупал маме в квартиру здесь двери. Она довольна и качеством , и ценой. Пока стоят не долго, но пока никаких недочетов не было выявлено. Ставлю 5 звезд!
Дизайнер посоветовала эту компанию. Двери которые мы хотели оказались заказными, ну время было у нас. Приехали на замер бесплатный, и двери тоже привезли бесплатно, по изготовлению вопросов нет
Хочу выразить Благодарность компании, но больше всего мы работали с Натальей. Она ответственно относиться к своей работе, очень внимательная и вежливая к заказчикам. Мы не сразу определились какие нам нужны двери и Наталья нам всё посоветовала и порекомендовала по цене и качеству. Мы остались очень довольны!Сейчас у нас самые красивы двери! Всём рекомендуем и будем ещё обращаться.
Запрос: нестандартные двери высотой 2.8. Да, ждали их с завода, но после установки в восторге, никогда такие высокие двери не покупал, но я нахожусь до сих пор под впечатлением. Точно будем друзьям рекомендовать)
Недавно купили в Белвуд двери. Менеджер на Абая помогла с выбором, все быстро рассчитала. Понравилось, что очень большой выбор дверей в салоне, есть из чего выбрать. Еще и с установщиками помогли, подсказали. Пока дверями довольны!
Заказывал 3 двери с фрамугами) Очень понравился внешний вид и качество - лучший выбор цена -качество на рынке.
Покупали двери дочке в квартиру, здесь все было в наличии ждать ничего не надо. хорошие двери, все довольны
Выбрали эту фирму, когда делали ремонт в квартире, и не пожалели ни о чем. Быстрая доставка, бесплатный замер по городу, клиентоориентрированные сотрудники - все вело к покупке, поэтому не было никаких сомнений. Спасибо за качественный товар!
Хочется выразить огромную благодарность за двери! За качественную и быструю работу, начиная с помощи в подборе вариантов, заканчивая установкой! Все очень быстро удобно и приятно в итоге вышло! Прошло 2 месяца, мы очень довольны!
Покупал маме в квартиру здесь двери. Она довольна и качеством , и ценой. Пока стоят не долго, но пока никаких недочетов не было выявлено. Ставлю 5 звезд!
Дизайнер посоветовала эту компанию. Двери которые мы хотели оказались заказными, ну время было у нас. Приехали на замер бесплатный, и двери тоже привезли бесплатно, по изготовлению вопросов нет
Хочу выразить Благодарность компании, но больше всего мы работали с Натальей. Она ответственно относиться к своей работе, очень внимательная и вежливая к заказчикам. Мы не сразу определились какие нам нужны двери и Наталья нам всё посоветовала и порекомендовала по цене и качеству. Мы остались очень довольны!Сейчас у нас самые красивы двери! Всём рекомендуем и будем ещё обращаться.
Запрос: нестандартные двери высотой 2.8. Да, ждали их с завода, но после установки в восторге, никогда такие высокие двери не покупал, но я нахожусь до сих пор под впечатлением. Точно будем друзьям рекомендовать)
Недавно купили в Белвуд двери. Менеджер на Абая помогла с выбором, все быстро рассчитала. Понравилось, что очень большой выбор дверей в салоне, есть из чего выбрать. Еще и с установщиками помогли, подсказали. Пока дверями довольны!
Заказывал 3 двери с фрамугами) Очень понравился внешний вид и качество - лучший выбор цена -качество на рынке.
Покупали двери дочке в квартиру, здесь все было в наличии ждать ничего не надо. хорошие двери, все довольны
Выбрали эту фирму, когда делали ремонт в квартире, и не пожалели ни о чем. Быстрая доставка, бесплатный замер по городу, клиентоориентрированные сотрудники - все вело к покупке, поэтому не было никаких сомнений. Спасибо за качественный товар!
Хочется выразить огромную благодарность за двери! За качественную и быструю работу, начиная с помощи в подборе вариантов, заканчивая установкой! Все очень быстро удобно и приятно в итоге вышло! Прошло 2 месяца, мы очень довольны!
Покупал маме в квартиру здесь двери. Она довольна и качеством , и ценой. Пока стоят не долго, но пока никаких недочетов не было выявлено. Ставлю 5 звезд!
Дизайнер посоветовала эту компанию. Двери которые мы хотели оказались заказными, ну время было у нас. Приехали на замер бесплатный, и двери тоже привезли бесплатно, по изготовлению вопросов нет
Хочу выразить Благодарность компании, но больше всего мы работали с Натальей. Она ответственно относиться к своей работе, очень внимательная и вежливая к заказчикам. Мы не сразу определились какие нам нужны двери и Наталья нам всё посоветовала и порекомендовала по цене и качеству. Мы остались очень довольны!Сейчас у нас самые красивы двери! Всём рекомендуем и будем ещё обращаться.
Запрос: нестандартные двери высотой 2.8. Да, ждали их с завода, но после установки в восторге, никогда такие высокие двери не покупал, но я нахожусь до сих пор под впечатлением. Точно будем друзьям рекомендовать)
Недавно купили в Белвуд двери. Менеджер на Абая помогла с выбором, все быстро рассчитала. Понравилось, что очень большой выбор дверей в салоне, есть из чего выбрать. Еще и с установщиками помогли, подсказали. Пока дверями довольны!
Заказывал 3 двери с фрамугами) Очень понравился внешний вид и качество - лучший выбор цена -качество на рынке.
Покупали двери дочке в квартиру, здесь все было в наличии ждать ничего не надо. хорошие двери, все довольны
Выбрали эту фирму, когда делали ремонт в квартире, и не пожалели ни о чем. Быстрая доставка, бесплатный замер по городу, клиентоориентрированные сотрудники - все вело к покупке, поэтому не было никаких сомнений. Спасибо за качественный товар!
Хочется выразить огромную благодарность за двери! За качественную и быструю работу, начиная с помощи в подборе вариантов, заканчивая установкой! Все очень быстро удобно и приятно в итоге вышло! Прошло 2 месяца, мы очень довольны!
Покупал маме в квартиру здесь двери. Она довольна и качеством , и ценой. Пока стоят не долго, но пока никаких недочетов не было выявлено. Ставлю 5 звезд!
Дизайнер посоветовала эту компанию. Двери которые мы хотели оказались заказными, ну время было у нас. Приехали на замер бесплатный, и двери тоже привезли бесплатно, по изготовлению вопросов нет
Хочу выразить Благодарность компании, но больше всего мы работали с Натальей. Она ответственно относиться к своей работе, очень внимательная и вежливая к заказчикам. Мы не сразу определились какие нам нужны двери и Наталья нам всё посоветовала и порекомендовала по цене и качеству. Мы остались очень довольны!Сейчас у нас самые красивы двери! Всём рекомендуем и будем ещё обращаться.
Запрос: нестандартные двери высотой 2.8. Да, ждали их с завода, но после установки в восторге, никогда такие высокие двери не покупал, но я нахожусь до сих пор под впечатлением. Точно будем друзьям рекомендовать)
Недавно купили в Белвуд двери. Менеджер на Абая помогла с выбором, все быстро рассчитала. Понравилось, что очень большой выбор дверей в салоне, есть из чего выбрать. Еще и с установщиками помогли, подсказали. Пока дверями довольны!
Заказывал 3 двери с фрамугами) Очень понравился внешний вид и качество - лучший выбор цена -качество на рынке.
Покупали двери дочке в квартиру, здесь все было в наличии ждать ничего не надо. хорошие двери, все довольны
Выбрали эту фирму, когда делали ремонт в квартире, и не пожалели ни о чем. Быстрая доставка, бесплатный замер по городу, клиентоориентрированные сотрудники - все вело к покупке, поэтому не было никаких сомнений. Спасибо за качественный товар!
Хочется выразить огромную благодарность за двери! За качественную и быструю работу, начиная с помощи в подборе вариантов, заканчивая установкой! Все очень быстро удобно и приятно в итоге вышло! Прошло 2 месяца, мы очень довольны!
Покупал маме в квартиру здесь двери. Она довольна и качеством , и ценой. Пока стоят не долго, но пока никаких недочетов не было выявлено. Ставлю 5 звезд!
Дизайнер посоветовала эту компанию. Двери которые мы хотели оказались заказными, ну время было у нас. Приехали на замер бесплатный, и двери тоже привезли бесплатно, по изготовлению вопросов нет
Хочу выразить Благодарность компании, но больше всего мы работали с Натальей. Она ответственно относиться к своей работе, очень внимательная и вежливая к заказчикам. Мы не сразу определились какие нам нужны двери и Наталья нам всё посоветовала и порекомендовала по цене и качеству. Мы остались очень довольны!Сейчас у нас самые красивы двери! Всём рекомендуем и будем ещё обращаться.
Запрос: нестандартные двери высотой 2.8. Да, ждали их с завода, но после установки в восторге, никогда такие высокие двери не покупал, но я нахожусь до сих пор под впечатлением. Точно будем друзьям рекомендовать)
Недавно купили в Белвуд двери. Менеджер на Абая помогла с выбором, все быстро рассчитала. Понравилось, что очень большой выбор дверей в салоне, есть из чего выбрать. Еще и с установщиками помогли, подсказали. Пока дверями довольны!
Заказывал 3 двери с фрамугами) Очень понравился внешний вид и качество - лучший выбор цена -качество на рынке.
Покупали двери дочке в квартиру, здесь все было в наличии ждать ничего не надо. хорошие двери, все довольны
Выбрали эту фирму, когда делали ремонт в квартире, и не пожалели ни о чем. Быстрая доставка, бесплатный замер по городу, клиентоориентрированные сотрудники - все вело к покупке, поэтому не было никаких сомнений. Спасибо за качественный товар!
Хочется выразить огромную благодарность за двери! За качественную и быструю работу, начиная с помощи в подборе вариантов, заканчивая установкой! Все очень быстро удобно и приятно в итоге вышло! Прошло 2 месяца, мы очень довольны!
Покупал маме в квартиру здесь двери. Она довольна и качеством , и ценой. Пока стоят не долго, но пока никаких недочетов не было выявлено. Ставлю 5 звезд!
Дизайнер посоветовала эту компанию. Двери которые мы хотели оказались заказными, ну время было у нас. Приехали на замер бесплатный, и двери тоже привезли бесплатно, по изготовлению вопросов нет
Хочу выразить Благодарность компании, но больше всего мы работали с Натальей. Она ответственно относиться к своей работе, очень внимательная и вежливая к заказчикам. Мы не сразу определились какие нам нужны двери и Наталья нам всё посоветовала и порекомендовала по цене и качеству. Мы остались очень довольны!Сейчас у нас самые красивы двери! Всём рекомендуем и будем ещё обращаться.
Запрос: нестандартные двери высотой 2.8. Да, ждали их с завода, но после установки в восторге, никогда такие высокие двери не покупал, но я нахожусь до сих пор под впечатлением. Точно будем друзьям рекомендовать)
Недавно купили в Белвуд двери. Менеджер на Абая помогла с выбором, все быстро рассчитала. Понравилось, что очень большой выбор дверей в салоне, есть из чего выбрать. Еще и с установщиками помогли, подсказали. Пока дверями довольны!
Заказывал 3 двери с фрамугами) Очень понравился внешний вид и качество - лучший выбор цена -качество на рынке.
Покупали двери дочке в квартиру, здесь все было в наличии ждать ничего не надо. хорошие двери, все довольны
Выбрали эту фирму, когда делали ремонт в квартире, и не пожалели ни о чем. Быстрая доставка, бесплатный замер по городу, клиентоориентрированные сотрудники - все вело к покупке, поэтому не было никаких сомнений. Спасибо за качественный товар!
Хочется выразить огромную благодарность за двери! За качественную и быструю работу, начиная с помощи в подборе вариантов, заканчивая установкой! Все очень быстро удобно и приятно в итоге вышло! Прошло 2 месяца, мы очень довольны!
Покупал маме в квартиру здесь двери. Она довольна и качеством , и ценой. Пока стоят не долго, но пока никаких недочетов не было выявлено. Ставлю 5 звезд!
Дизайнер посоветовала эту компанию. Двери которые мы хотели оказались заказными, ну время было у нас. Приехали на замер бесплатный, и двери тоже привезли бесплатно, по изготовлению вопросов нет
Хочу выразить Благодарность компании, но больше всего мы работали с Натальей. Она ответственно относиться к своей работе, очень внимательная и вежливая к заказчикам. Мы не сразу определились какие нам нужны двери и Наталья нам всё посоветовала и порекомендовала по цене и качеству. Мы остались очень довольны!Сейчас у нас самые красивы двери! Всём рекомендуем и будем ещё обращаться.
Запрос: нестандартные двери высотой 2.8. Да, ждали их с завода, но после установки в восторге, никогда такие высокие двери не покупал, но я нахожусь до сих пор под впечатлением. Точно будем друзьям рекомендовать)
Недавно купили в Белвуд двери. Менеджер на Абая помогла с выбором, все быстро рассчитала. Понравилось, что очень большой выбор дверей в салоне, есть из чего выбрать. Еще и с установщиками помогли, подсказали. Пока дверями довольны!
Заказывал 3 двери с фрамугами) Очень понравился внешний вид и качество - лучший выбор цена -качество на рынке.
Покупали двери дочке в квартиру, здесь все было в наличии ждать ничего не надо. хорошие двери, все довольны
Выбрали эту фирму, когда делали ремонт в квартире, и не пожалели ни о чем. Быстрая доставка, бесплатный замер по городу, клиентоориентрированные сотрудники - все вело к покупке, поэтому не было никаких сомнений. Спасибо за качественный товар!
Хочется выразить огромную благодарность за двери! За качественную и быструю работу, начиная с помощи в подборе вариантов, заканчивая установкой! Все очень быстро удобно и приятно в итоге вышло! Прошло 2 месяца, мы очень довольны!
Покупал маме в квартиру здесь двери. Она довольна и качеством , и ценой. Пока стоят не долго, но пока никаких недочетов не было выявлено. Ставлю 5 звезд!
Дизайнер посоветовала эту компанию. Двери которые мы хотели оказались заказными, ну время было у нас. Приехали на замер бесплатный, и двери тоже привезли бесплатно, по изготовлению вопросов нет
Хочу выразить Благодарность компании, но больше всего мы работали с Натальей. Она ответственно относиться к своей работе, очень внимательная и вежливая к заказчикам. Мы не сразу определились какие нам нужны двери и Наталья нам всё посоветовала и порекомендовала по цене и качеству. Мы остались очень довольны!Сейчас у нас самые красивы двери! Всём рекомендуем и будем ещё обращаться.
Запрос: нестандартные двери высотой 2.8. Да, ждали их с завода, но после установки в восторге, никогда такие высокие двери не покупал, но я нахожусь до сих пор под впечатлением. Точно будем друзьям рекомендовать)
Недавно купили в Белвуд двери. Менеджер на Абая помогла с выбором, все быстро рассчитала. Понравилось, что очень большой выбор дверей в салоне, есть из чего выбрать. Еще и с установщиками помогли, подсказали. Пока дверями довольны!
Заказывал 3 двери с фрамугами) Очень понравился внешний вид и качество - лучший выбор цена -качество на рынке.
Покупали двери дочке в квартиру, здесь все было в наличии ждать ничего не надо. хорошие двери, все довольны
Выбрали эту фирму, когда делали ремонт в квартире, и не пожалели ни о чем. Быстрая доставка, бесплатный замер по городу, клиентоориентрированные сотрудники - все вело к покупке, поэтому не было никаких сомнений. Спасибо за качественный товар!
Хочется выразить огромную благодарность за двери! За качественную и быструю работу, начиная с помощи в подборе вариантов, заканчивая установкой! Все очень быстро удобно и приятно в итоге вышло! Прошло 2 месяца, мы очень довольны!
Покупал маме в квартиру здесь двери. Она довольна и качеством , и ценой. Пока стоят не долго, но пока никаких недочетов не было выявлено. Ставлю 5 звезд!
Дизайнер посоветовала эту компанию. Двери которые мы хотели оказались заказными, ну время было у нас. Приехали на замер бесплатный, и двери тоже привезли бесплатно, по изготовлению вопросов нет
Хочу выразить Благодарность компании, но больше всего мы работали с Натальей. Она ответственно относиться к своей работе, очень внимательная и вежливая к заказчикам. Мы не сразу определились какие нам нужны двери и Наталья нам всё посоветовала и порекомендовала по цене и качеству. Мы остались очень довольны!Сейчас у нас самые красивы двери! Всём рекомендуем и будем ещё обращаться.
Запрос: нестандартные двери высотой 2.8. Да, ждали их с завода, но после установки в восторге, никогда такие высокие двери не покупал, но я нахожусь до сих пор под впечатлением. Точно будем друзьям рекомендовать)
Недавно купили в Белвуд двери. Менеджер на Абая помогла с выбором, все быстро рассчитала. Понравилось, что очень большой выбор дверей в салоне, есть из чего выбрать. Еще и с установщиками помогли, подсказали. Пока дверями довольны!
Заказывал 3 двери с фрамугами) Очень понравился внешний вид и качество - лучший выбор цена -качество на рынке.
Покупали двери дочке в квартиру, здесь все было в наличии ждать ничего не надо. хорошие двери, все довольны
Выбрали эту фирму, когда делали ремонт в квартире, и не пожалели ни о чем. Быстрая доставка, бесплатный замер по городу, клиентоориентрированные сотрудники - все вело к покупке, поэтому не было никаких сомнений. Спасибо за качественный товар!
Хочется выразить огромную благодарность за двери! За качественную и быструю работу, начиная с помощи в подборе вариантов, заканчивая установкой! Все очень быстро удобно и приятно в итоге вышло! Прошло 2 месяца, мы очень довольны!
Покупал маме в квартиру здесь двери. Она довольна и качеством , и ценой. Пока стоят не долго, но пока никаких недочетов не было выявлено. Ставлю 5 звезд!
Дизайнер посоветовала эту компанию. Двери которые мы хотели оказались заказными, ну время было у нас. Приехали на замер бесплатный, и двери тоже привезли бесплатно, по изготовлению вопросов нет
Хочу выразить Благодарность компании, но больше всего мы работали с Натальей. Она ответственно относиться к своей работе, очень внимательная и вежливая к заказчикам. Мы не сразу определились какие нам нужны двери и Наталья нам всё посоветовала и порекомендовала по цене и качеству. Мы остались очень довольны!Сейчас у нас самые красивы двери! Всём рекомендуем и будем ещё обращаться.
Запрос: нестандартные двери высотой 2.8. Да, ждали их с завода, но после установки в восторге, никогда такие высокие двери не покупал, но я нахожусь до сих пор под впечатлением. Точно будем друзьям рекомендовать)
Недавно купили в Белвуд двери. Менеджер на Абая помогла с выбором, все быстро рассчитала. Понравилось, что очень большой выбор дверей в салоне, есть из чего выбрать. Еще и с установщиками помогли, подсказали. Пока дверями довольны!
Заказывал 3 двери с фрамугами) Очень понравился внешний вид и качество - лучший выбор цена -качество на рынке.
Покупали двери дочке в квартиру, здесь все было в наличии ждать ничего не надо. хорошие двери, все довольны
Выбрали эту фирму, когда делали ремонт в квартире, и не пожалели ни о чем. Быстрая доставка, бесплатный замер по городу, клиентоориентрированные сотрудники - все вело к покупке, поэтому не было никаких сомнений. Спасибо за качественный товар!
Хочется выразить огромную благодарность за двери! За качественную и быструю работу, начиная с помощи в подборе вариантов, заканчивая установкой! Все очень быстро удобно и приятно в итоге вышло! Прошло 2 месяца, мы очень довольны!
Покупал маме в квартиру здесь двери. Она довольна и качеством , и ценой. Пока стоят не долго, но пока никаких недочетов не было выявлено. Ставлю 5 звезд!
Дизайнер посоветовала эту компанию. Двери которые мы хотели оказались заказными, ну время было у нас. Приехали на замер бесплатный, и двери тоже привезли бесплатно, по изготовлению вопросов нет
Хочу выразить Благодарность компании, но больше всего мы работали с Натальей. Она ответственно относиться к своей работе, очень внимательная и вежливая к заказчикам. Мы не сразу определились какие нам нужны двери и Наталья нам всё посоветовала и порекомендовала по цене и качеству. Мы остались очень довольны!Сейчас у нас самые красивы двери! Всём рекомендуем и будем ещё обращаться.
Запрос: нестандартные двери высотой 2.8. Да, ждали их с завода, но после установки в восторге, никогда такие высокие двери не покупал, но я нахожусь до сих пор под впечатлением. Точно будем друзьям рекомендовать)
Недавно купили в Белвуд двери. Менеджер на Абая помогла с выбором, все быстро рассчитала. Понравилось, что очень большой выбор дверей в салоне, есть из чего выбрать. Еще и с установщиками помогли, подсказали. Пока дверями довольны!
Заказывал 3 двери с фрамугами) Очень понравился внешний вид и качество - лучший выбор цена -качество на рынке.
Покупали двери дочке в квартиру, здесь все было в наличии ждать ничего не надо. хорошие двери, все довольны
Выбрали эту фирму, когда делали ремонт в квартире, и не пожалели ни о чем. Быстрая доставка, бесплатный замер по городу, клиентоориентрированные сотрудники - все вело к покупке, поэтому не было никаких сомнений. Спасибо за качественный товар!
Хочется выразить огромную благодарность за двери! За качественную и быструю работу, начиная с помощи в подборе вариантов, заканчивая установкой! Все очень быстро удобно и приятно в итоге вышло! Прошло 2 месяца, мы очень довольны!
Покупал маме в квартиру здесь двери. Она довольна и качеством , и ценой. Пока стоят не долго, но пока никаких недочетов не было выявлено. Ставлю 5 звезд!
Дизайнер посоветовала эту компанию. Двери которые мы хотели оказались заказными, ну время было у нас. Приехали на замер бесплатный, и двери тоже привезли бесплатно, по изготовлению вопросов нет
Хочу выразить Благодарность компании, но больше всего мы работали с Натальей. Она ответственно относиться к своей работе, очень внимательная и вежливая к заказчикам. Мы не сразу определились какие нам нужны двери и Наталья нам всё посоветовала и порекомендовала по цене и качеству. Мы остались очень довольны!Сейчас у нас самые красивы двери! Всём рекомендуем и будем ещё обращаться.
Запрос: нестандартные двери высотой 2.8. Да, ждали их с завода, но после установки в восторге, никогда такие высокие двери не покупал, но я нахожусь до сих пор под впечатлением. Точно будем друзьям рекомендовать)
Недавно купили в Белвуд двери. Менеджер на Абая помогла с выбором, все быстро рассчитала. Понравилось, что очень большой выбор дверей в салоне, есть из чего выбрать. Еще и с установщиками помогли, подсказали. Пока дверями довольны!
Заказывал 3 двери с фрамугами) Очень понравился внешний вид и качество - лучший выбор цена -качество на рынке.
Покупали двери дочке в квартиру, здесь все было в наличии ждать ничего не надо. хорошие двери, все довольны
Выбрали эту фирму, когда делали ремонт в квартире, и не пожалели ни о чем. Быстрая доставка, бесплатный замер по городу, клиентоориентрированные сотрудники - все вело к покупке, поэтому не было никаких сомнений. Спасибо за качественный товар!
Хочется выразить огромную благодарность за двери! За качественную и быструю работу, начиная с помощи в подборе вариантов, заканчивая установкой! Все очень быстро удобно и приятно в итоге вышло! Прошло 2 месяца, мы очень довольны!
Покупал маме в квартиру здесь двери. Она довольна и качеством , и ценой. Пока стоят не долго, но пока никаких недочетов не было выявлено. Ставлю 5 звезд!
Дизайнер посоветовала эту компанию. Двери которые мы хотели оказались заказными, ну время было у нас. Приехали на замер бесплатный, и двери тоже привезли бесплатно, по изготовлению вопросов нет
Хочу выразить Благодарность компании, но больше всего мы работали с Натальей. Она ответственно относиться к своей работе, очень внимательная и вежливая к заказчикам. Мы не сразу определились какие нам нужны двери и Наталья нам всё посоветовала и порекомендовала по цене и качеству. Мы остались очень довольны!Сейчас у нас самые красивы двери! Всём рекомендуем и будем ещё обращаться.
Запрос: нестандартные двери высотой 2.8. Да, ждали их с завода, но после установки в восторге, никогда такие высокие двери не покупал, но я нахожусь до сих пор под впечатлением. Точно будем друзьям рекомендовать)
Недавно купили в Белвуд двери. Менеджер на Абая помогла с выбором, все быстро рассчитала. Понравилось, что очень большой выбор дверей в салоне, есть из чего выбрать. Еще и с установщиками помогли, подсказали. Пока дверями довольны!
Заказывал 3 двери с фрамугами) Очень понравился внешний вид и качество - лучший выбор цена -качество на рынке.
Покупали двери дочке в квартиру, здесь все было в наличии ждать ничего не надо. хорошие двери, все довольны
Выбрали эту фирму, когда делали ремонт в квартире, и не пожалели ни о чем. Быстрая доставка, бесплатный замер по городу, клиентоориентрированные сотрудники - все вело к покупке, поэтому не было никаких сомнений. Спасибо за качественный товар!
Хочется выразить огромную благодарность за двери! За качественную и быструю работу, начиная с помощи в подборе вариантов, заканчивая установкой! Все очень быстро удобно и приятно в итоге вышло! Прошло 2 месяца, мы очень довольны!
Покупал маме в квартиру здесь двери. Она довольна и качеством , и ценой. Пока стоят не долго, но пока никаких недочетов не было выявлено. Ставлю 5 звезд!
Дизайнер посоветовала эту компанию. Двери которые мы хотели оказались заказными, ну время было у нас. Приехали на замер бесплатный, и двери тоже привезли бесплатно, по изготовлению вопросов нет
Хочу выразить Благодарность компании, но больше всего мы работали с Натальей. Она ответственно относиться к своей работе, очень внимательная и вежливая к заказчикам. Мы не сразу определились какие нам нужны двери и Наталья нам всё посоветовала и порекомендовала по цене и качеству. Мы остались очень довольны!Сейчас у нас самые красивы двери! Всём рекомендуем и будем ещё обращаться.
Запрос: нестандартные двери высотой 2.8. Да, ждали их с завода, но после установки в восторге, никогда такие высокие двери не покупал, но я нахожусь до сих пор под впечатлением. Точно будем друзьям рекомендовать)
Недавно купили в Белвуд двери. Менеджер на Абая помогла с выбором, все быстро рассчитала. Понравилось, что очень большой выбор дверей в салоне, есть из чего выбрать. Еще и с установщиками помогли, подсказали. Пока дверями довольны!
Заказывал 3 двери с фрамугами) Очень понравился внешний вид и качество - лучший выбор цена -качество на рынке.
Покупали двери дочке в квартиру, здесь все было в наличии ждать ничего не надо. хорошие двери, все довольны
Выбрали эту фирму, когда делали ремонт в квартире, и не пожалели ни о чем. Быстрая доставка, бесплатный замер по городу, клиентоориентрированные сотрудники - все вело к покупке, поэтому не было никаких сомнений. Спасибо за качественный товар!
Хочется выразить огромную благодарность за двери! За качественную и быструю работу, начиная с помощи в подборе вариантов, заканчивая установкой! Все очень быстро удобно и приятно в итоге вышло! Прошло 2 месяца, мы очень довольны!
Покупал маме в квартиру здесь двери. Она довольна и качеством , и ценой. Пока стоят не долго, но пока никаких недочетов не было выявлено. Ставлю 5 звезд!
Дизайнер посоветовала эту компанию. Двери которые мы хотели оказались заказными, ну время было у нас. Приехали на замер бесплатный, и двери тоже привезли бесплатно, по изготовлению вопросов нет
Хочу выразить Благодарность компании, но больше всего мы работали с Натальей. Она ответственно относиться к своей работе, очень внимательная и вежливая к заказчикам. Мы не сразу определились какие нам нужны двери и Наталья нам всё посоветовала и порекомендовала по цене и качеству. Мы остались очень довольны!Сейчас у нас самые красивы двери! Всём рекомендуем и будем ещё обращаться.
Запрос: нестандартные двери высотой 2.8. Да, ждали их с завода, но после установки в восторге, никогда такие высокие двери не покупал, но я нахожусь до сих пор под впечатлением. Точно будем друзьям рекомендовать)
Недавно купили в Белвуд двери. Менеджер на Абая помогла с выбором, все быстро рассчитала. Понравилось, что очень большой выбор дверей в салоне, есть из чего выбрать. Еще и с установщиками помогли, подсказали. Пока дверями довольны!
Заказывал 3 двери с фрамугами) Очень понравился внешний вид и качество - лучший выбор цена -качество на рынке.
Покупали двери дочке в квартиру, здесь все было в наличии ждать ничего не надо. хорошие двери, все довольны
Выбрали эту фирму, когда делали ремонт в квартире, и не пожалели ни о чем. Быстрая доставка, бесплатный замер по городу, клиентоориентрированные сотрудники - все вело к покупке, поэтому не было никаких сомнений. Спасибо за качественный товар!
Хочется выразить огромную благодарность за двери! За качественную и быструю работу, начиная с помощи в подборе вариантов, заканчивая установкой! Все очень быстро удобно и приятно в итоге вышло! Прошло 2 месяца, мы очень довольны!
Покупал маме в квартиру здесь двери. Она довольна и качеством , и ценой. Пока стоят не долго, но пока никаких недочетов не было выявлено. Ставлю 5 звезд!
Дизайнер посоветовала эту компанию. Двери которые мы хотели оказались заказными, ну время было у нас. Приехали на замер бесплатный, и двери тоже привезли бесплатно, по изготовлению вопросов нет
Хочу выразить Благодарность компании, но больше всего мы работали с Натальей. Она ответственно относиться к своей работе, очень внимательная и вежливая к заказчикам. Мы не сразу определились какие нам нужны двери и Наталья нам всё посоветовала и порекомендовала по цене и качеству. Мы остались очень довольны!Сейчас у нас самые красивы двери! Всём рекомендуем и будем ещё обращаться.
Запрос: нестандартные двери высотой 2.8. Да, ждали их с завода, но после установки в восторге, никогда такие высокие двери не покупал, но я нахожусь до сих пор под впечатлением. Точно будем друзьям рекомендовать)
Недавно купили в Белвуд двери. Менеджер на Абая помогла с выбором, все быстро рассчитала. Понравилось, что очень большой выбор дверей в салоне, есть из чего выбрать. Еще и с установщиками помогли, подсказали. Пока дверями довольны!
Заказывал 3 двери с фрамугами) Очень понравился внешний вид и качество - лучший выбор цена -качество на рынке.
Покупали двери дочке в квартиру, здесь все было в наличии ждать ничего не надо. хорошие двери, все довольны
Выбрали эту фирму, когда делали ремонт в квартире, и не пожалели ни о чем. Быстрая доставка, бесплатный замер по городу, клиентоориентрированные сотрудники - все вело к покупке, поэтому не было никаких сомнений. Спасибо за качественный товар!
Хочется выразить огромную благодарность за двери! За качественную и быструю работу, начиная с помощи в подборе вариантов, заканчивая установкой! Все очень быстро удобно и приятно в итоге вышло! Прошло 2 месяца, мы очень довольны!
Покупал маме в квартиру здесь двери. Она довольна и качеством , и ценой. Пока стоят не долго, но пока никаких недочетов не было выявлено. Ставлю 5 звезд!
Дизайнер посоветовала эту компанию. Двери которые мы хотели оказались заказными, ну время было у нас. Приехали на замер бесплатный, и двери тоже привезли бесплатно, по изготовлению вопросов нет
Хочу выразить Благодарность компании, но больше всего мы работали с Натальей. Она ответственно относиться к своей работе, очень внимательная и вежливая к заказчикам. Мы не сразу определились какие нам нужны двери и Наталья нам всё посоветовала и порекомендовала по цене и качеству. Мы остались очень довольны!Сейчас у нас самые красивы двери! Всём рекомендуем и будем ещё обращаться.
Запрос: нестандартные двери высотой 2.8. Да, ждали их с завода, но после установки в восторге, никогда такие высокие двери не покупал, но я нахожусь до сих пор под впечатлением. Точно будем друзьям рекомендовать)
Недавно купили в Белвуд двери. Менеджер на Абая помогла с выбором, все быстро рассчитала. Понравилось, что очень большой выбор дверей в салоне, есть из чего выбрать. Еще и с установщиками помогли, подсказали. Пока дверями довольны!
Заказывал 3 двери с фрамугами) Очень понравился внешний вид и качество - лучший выбор цена -качество на рынке.
Покупали двери дочке в квартиру, здесь все было в наличии ждать ничего не надо. хорошие двери, все довольны
Выбрали эту фирму, когда делали ремонт в квартире, и не пожалели ни о чем. Быстрая доставка, бесплатный замер по городу, клиентоориентрированные сотрудники - все вело к покупке, поэтому не было никаких сомнений. Спасибо за качественный товар!
Хочется выразить огромную благодарность за двери! За качественную и быструю работу, начиная с помощи в подборе вариантов, заканчивая установкой! Все очень быстро удобно и приятно в итоге вышло! Прошло 2 месяца, мы очень довольны!
Покупал маме в квартиру здесь двери. Она довольна и качеством , и ценой. Пока стоят не долго, но пока никаких недочетов не было выявлено. Ставлю 5 звезд!
Дизайнер посоветовала эту компанию. Двери которые мы хотели оказались заказными, ну время было у нас. Приехали на замер бесплатный, и двери тоже привезли бесплатно, по изготовлению вопросов нет
Хочу выразить Благодарность компании, но больше всего мы работали с Натальей. Она ответственно относиться к своей работе, очень внимательная и вежливая к заказчикам. Мы не сразу определились какие нам нужны двери и Наталья нам всё посоветовала и порекомендовала по цене и качеству. Мы остались очень довольны!Сейчас у нас самые красивы двери! Всём рекомендуем и будем ещё обращаться.
Запрос: нестандартные двери высотой 2.8. Да, ждали их с завода, но после установки в восторге, никогда такие высокие двери не покупал, но я нахожусь до сих пор под впечатлением. Точно будем друзьям рекомендовать)
Недавно купили в Белвуд двери. Менеджер на Абая помогла с выбором, все быстро рассчитала. Понравилось, что очень большой выбор дверей в салоне, есть из чего выбрать. Еще и с установщиками помогли, подсказали. Пока дверями довольны!
Заказывал 3 двери с фрамугами) Очень понравился внешний вид и качество - лучший выбор цена -качество на рынке.
Покупали двери дочке в квартиру, здесь все было в наличии ждать ничего не надо. хорошие двери, все довольны
Выбрали эту фирму, когда делали ремонт в квартире, и не пожалели ни о чем. Быстрая доставка, бесплатный замер по городу, клиентоориентрированные сотрудники - все вело к покупке, поэтому не было никаких сомнений. Спасибо за качественный товар!
Хочется выразить огромную благодарность за двери! За качественную и быструю работу, начиная с помощи в подборе вариантов, заканчивая установкой! Все очень быстро удобно и приятно в итоге вышло! Прошло 2 месяца, мы очень довольны!
Покупал маме в квартиру здесь двери. Она довольна и качеством , и ценой. Пока стоят не долго, но пока никаких недочетов не было выявлено. Ставлю 5 звезд!
Дизайнер посоветовала эту компанию. Двери которые мы хотели оказались заказными, ну время было у нас. Приехали на замер бесплатный, и двери тоже привезли бесплатно, по изготовлению вопросов нет
